OBJECTID,GEOID,GEO,NAME,NEGATIVE,POSITIVE,HOSP_YES,HOSP_NO,HOSP_UNK,POS_FEM,POS_MALE,POS_OTH,POS_0_9,POS_10_19,POS_20_29,POS_30_39,POS_40_49,POS_50_59,POS_60_69,POS_70_79,POS_80_89,POS_90,DEATHS,DTHS_FEM,DTHS_MALE,DTHS_OTH,DTHS_0_9,DTHS_10_19,DTHS_20_29,DTHS_30_39,DTHS_40_49,DTHS_50_59,DTHS_60_69,DTHS_70_79,DTHS_80_89,DTHS_90,IP_Y_0_9,IP_Y_10_19,IP_Y_20_29,IP_Y_30_39,IP_Y_40_49,IP_Y_50_59,IP_Y_60_69,IP_Y_70_79,IP_Y_80_89,IP_Y_90,IP_N_0_9,IP_N_10_19,IP_N_20_29,IP_N_30_39,IP_N_40_49,IP_N_50_59,IP_N_60_69,IP_N_70_79,IP_N_80_89,IP_N_90,IP_U_0_9,IP_U_10_19,IP_U_20_29,IP_U_30_39,IP_U_40_49,IP_U_50_59,IP_U_60_69,IP_U_70_79,IP_U_80_89,IP_U_90,IC_YES,IC_Y_0_9,IC_Y_10_19,IC_Y_20_29,IC_Y_30_39,IC_Y_40_49,IC_Y_50_59,IC_Y_60_69,IC_Y_70_79,IC_Y_80_89,IC_Y_90,POS_AIAN,POS_ASN,POS_BLK,POS_WHT,POS_MLTOTH,POS_UNK,POS_E_HSP,POS_E_NHSP,POS_E_UNK,DTH_AIAN,DTH_ASN,DTH_BLK,DTH_WHT,DTH_MLTOTH,DTH_UNK,DTH_E_HSP,DTH_E_NHSP,DTH_E_UNK,POS_HC_Y,POS_HC_N,POS_HC_UNK,DTH_NEW,POS_NEW,NEG_NEW,TEST_NEW,DATE
4,55005,County,Barron,,0,,,,,,,,,,,,,,,,,0,,,,,,,,,,,,,,,,,,,,,,,,,,,,,,,,,,,,,,,,,,,,,,,,,,,,,,,,,,,,,,,,,,,,,,,,,,,,,,,,2020/03/15 14:00:00+00
77,55005,County,Barron,,0,,,,,,,,,,,,,,,,,0,,,,,,,,,,,,,,,,,,,,,,,,,,,,,,,,,,,,,,,,,,,,,,,,,,,,,,,,,,,,,,,,,,,,,,,,,,,,0,0,,,2020/03/16 14:00:00+00
150,55005,County,Barron,,0,,,,,,,,,,,,,,,,,0,,,,,,,,,,,,,,,,,,,,,,,,,,,,,,,,,,,,,,,,,,,,,,,,,,,,,,,,,,,,,,,,,,,,,,,,,,,,0,0,,,2020/03/17 14:00:00+00
63084,55005,County,Barron,,0,,,,,,,,,,,,,,,,,0,,,,,,,,,,,,,,,,,,,,,,,,,,,,,,,,,,,,,,,,,,,,,,,,,,,,,,,,,,,,,,,,,,,,,,,,,,,,0,0,,,2020/03/18 14:00:00+00
63157,55005,County,Barron,,0,,,,,,,,,,,,,,,,,0,,,,,,,,,,,,,,,,,,,,,,,,,,,,,,,,,,,,,,,,,,,,,,,,,,,,,,,,,,,,,,,,,,,,,,,,,,,,0,0,,,2020/03/19 14:00:00+00
63230,55005,County,Barron,,0,,,,,,,,,,,,,,,,,0,,,,,,,,,,,,,,,,,,,,,,,,,,,,,,,,,,,,,,,,,,,,,,,,,,,,,,,,,,,,,,,,,,,,,,,,,,,,0,0,,,2020/03/20 14:00:00+00
63303,55005,County,Barron,,0,,,,,,,,,,,,,,,,,0,,,,,,,,,,,,,,,,,,,,,,,,,,,,,,,,,,,,,,,,,,,,,,,,,,,,,,,,,,,,,,,,,,,,,,,,,,,,0,0,,,2020/03/21 14:00:00+00
63376,55005,County,Barron,,0,,,,,,,,,,,,,,,,,0,,,,,,,,,,,,,,,,,,,,,,,,,,,,,,,,,,,,,,,,,,,,,,,,,,,,,,,,,,,,,,,,,,,,,,,,,,,,0,0,,,2020/03/22 14:00:00+00
63449,55005,County,Barron,,0,,,,,,,,,,,,,,,,,0,,,,,,,,,,,,,,,,,,,,,,,,,,,,,,,,,,,,,,,,,,,,,,,,,,,,,,,,,,,,,,,,,,,,,,,,,,,,0,0,,,2020/03/23 14:00:00+00
63522,55005,County,Barron,,0,,,,,,,,,,,,,,,,,0,,,,,,,,,,,,,,,,,,,,,,,,,,,,,,,,,,,,,,,,,,,,,,,,,,,,,,,,,,,,,,,,,,,,,,,,,,,,0,0,,,2020/03/24 14:00:00+00
63595,55005,County,Barron,,0,,,,,,,,,,,,,,,,,0,,,,,,,,,,,,,,,,,,,,,,,,,,,,,,,,,,,,,,,,,,,,,,,,,,,,,,,,,,,,,,,,,,,,,,,,,,,,0,0,,,2020/03/25 14:00:00+00
63668,55005,County,Barron,,0,,,,,,,,,,,,,,,,,0,,,,,,,,,,,,,,,,,,,,,,,,,,,,,,,,,,,,,,,,,,,,,,,,,,,,,,,,,,,,,,,,,,,,,,,,,,,,0,0,,,2020/03/26 14:00:00+00
63741,55005,County,Barron,,0,,,,,,,,,,,,,,,,,0,,,,,,,,,,,,,,,,,,,,,,,,,,,,,,,,,,,,,,,,,,,,,,,,,,,,,,,,,,,,,,,,,,,,,,,,,,,,0,0,,,2020/03/27 14:00:00+00
63814,55005,County,Barron,,0,,,,,,,,,,,,,,,,,0,,,,,,,,,,,,,,,,,,,,,,,,,,,,,,,,,,,,,,,,,,,,,,,,,,,,,,,,,,,,,,,,,,,,,,,,,,,,0,0,,,2020/03/28 14:00:00+00
63887,55005,County,Barron,,0,,,,,,,,,,,,,,,,,0,,,,,,,,,,,,,,,,,,,,,,,,,,,,,,,,,,,,,,,,,,,,,,,,,,,,,,,,,,,,,,,,,,,,,,,,,,,,0,0,,,2020/03/29 14:00:00+00
63960,55005,County,Barron,140,0,,,,,,,,,,,,,,,,,0,,,,,,,,,,,,,,,,,,,,,,,,,,,,,,,,,,,,,,,,,,,,,,,,,,,,,,,,,,,,,,,,,,,,,,,,,,,,0,0,,,2020/03/30 14:00:00+00
64033,55005,County,Barron,154,0,,,,,,,,,,,,,,,,,0,,,,,,,,,,,,,,,,,,,,,,,,,,,,,,,,,,,,,,,,,,,,,,,,,,,,,,,,,,,,,,,,,,,,,,,,,,,,0,0,14,14,2020/03/31 14:00:00+00
64106,55005,County,Barron,159,0,,,,,,,,,,,,,,,,,0,,,,,,,,,,,,,,,,,,,,,,,,,,,,,,,,,,,,,,,,,,,,,,,,,,,,,,,,,,,,,,,,,,,,,,,,,,,,0,0,5,5,2020/04/01 14:00:00+00
64179,55005,County,Barron,168,0,,,,,,,,,,,,,,,,,0,,,,,,,,,,,,,,,,,,,,,,,,,,,,,,,,,,,,,,,,,,,,,,,,,,,,,,,,,,,,,,,,,,,,,,,,,,,,0,0,9,9,2020/04/02 14:00:00+00
64252,55005,County,Barron,192,3,,,,,,,,,,,,,,,,,0,,,,,,,,,,,,,,,,,,,,,,,,,,,,,,,,,,,,,,,,,,,,,,,,,,,,,,,,,,,,,,,,,,,,,,,,,,,,0,3,24,27,2020/04/03 14:00:00+00
64325,55005,County,Barron,267,3,,,,,,,,,,,,,,,,,0,,,,,,,,,,,,,,,,,,,,,,,,,,,,,,,,,,,,,,,,,,,,,,,,,,,,,,,,,,,,,,,,,,,,,,,,,,,,0,0,75,75,2020/04/04 14:00:00+00
64398,55005,County,Barron,303,4,,,,,,,,,,,,,,,,,0,,,,,,,,,,,,,,,,,,,,,,,,,,,,,,,,,,,,,,,,,,,,,,,,,,,,,,,,,,,,,,,,,,,,,,,,,,,,0,1,36,37,2020/04/05 14:00:00+00
64471,55005,County,Barron,311,4,,,,,,,,,,,,,,,,,0,,,,,,,,,,,,,,,,,,,,,,,,,,,,,,,,,,,,,,,,,,,,,,,,,,,,,,,,,,,,,,,,,,,,,,,,,,,,0,0,8,8,2020/04/06 14:00:00+00
64544,55005,County,Barron,319,4,,,,,,,,,,,,,,,,,0,,,,,,,,,,,,,,,,,,,,,,,,,,,,,,,,,,,,,,,,,,,,,,,,,,,,,,,,,,,,,,,,,,,,,,,,,,,,0,0,8,8,2020/04/07 14:00:00+00
64617,55005,County,Barron,338,5,,,,,,,,,,,,,,,,,0,,,,,,,,,,,,,,,,,,,,,,,,,,,,,,,,,,,,,,,,,,,,,,,,,,,,,,,,,,,,,,,,,,,,,,,,,,,,0,1,19,20,2020/04/08 14:00:00+00
64690,55005,County,Barron,369,5,,,,,,,,,,,,,,,,,0,,,,,,,,,,,,,,,,,,,,,,,,,,,,,,,,,,,,,,,,,,,,,,,,,,,,,,,,,,,,,,,,,,,,,,,,,,,,0,0,31,31,2020/04/09 14:00:00+00
64763,55005,County,Barron,406,6,,,,,,,,,,,,,,,,,0,,,,,,,,,,,,,,,,,,,,,,,,,,,,,,,,,,,,,,,,,,,,,,,,,,,,,,,,,,,,,,,,,,,,,,,,,,,,0,1,37,38,2020/04/10 14:00:00+00
64850,55005,County,Barron,429,6,,,,,,,,,,,,,,,,,0,,,,,,,,,,,,,,,,,,,,,,,,,,,,,,,,,,,,,,,,,,,,,,,,,,,,,,,,,,,,,,,,,,,,,,,,,,,,0,0,23,23,2020/04/11 14:00:00+00
66568,55005,County,Barron,433,6,,,,,,,,,,,,,,,,,0,,,,,,,,,,,,,,,,,,,,,,,,,,,,,,,,,,,,,,,,,,,,,,,,,,,,,,,,,,,,,,,,,,,,,,,,,,,,0,0,4,4,2020/04/12 14:00:00+00
67800,55005,County,Barron,439,6,,,,,,,,,,,,,,,,,0,,,,,,,,,,,,,,,,,,,,,,,,,,,,,,,,,,,,,,,,,,,,,,,,,,,,,,,,,,,,,,,,,,,,,,,,,,,,0,0,6,6,2020/04/13 14:00:00+00
70512,55005,County,Barron,471,6,,,,,,,,,,,,,,,,,0,,,,,,,,,,,,,,,,,,,,,,,,,,,,,,,,,,,,,,,,,,,,,,,,,,,,,,,,,,,,,,,,,,,,,,,,,,,,0,0,32,32,2020/04/14 14:00:00+00
70750,55005,County,Barron,493,6,,,,,,,,,,,,,,,,,0,,,,,,,,,,,,,,,,,,,,,,,,,,,,,,,,,,,,,,,,,,,,,,,,,,,,,,,,,,,,,,,,,,,,,,,,,,,,0,0,22,22,2020/04/15 14:00:00+00
72225,55005,County,Barron,516,6,,,,,,,,,,,,,,,,,0,,,,,,,,,,,,,,,,,,,,,,,,,,,,,,,,,,,,,,,,,,,,,,,,,,,,,,,,,,,,,,,,,,,,,,,,,,,,0,0,23,23,2020/04/16 14:00:00+00
74320,55005,County,Barron,532,6,,,,,,,,,,,,,,,,,0,,,,,,,,,,,,,,,,,,,,,,,,,,,,,,,,,,,,,,,,,,,,,,,,,,,,,,,,,,,,,,,,,,,,,,,,,,,,0,0,16,16,2020/04/17 14:00:00+00
75175,55005,County,Barron,555,6,,,,,,,,,,,,,,,,,0,,,,,,,,,,,,,,,,,,,,,,,,,,,,,,,,,,,,,,,,,,,,,,,,,,,,,,,,,,,,,,,,,,,,,,,,,,,,0,0,23,23,2020/04/18 14:00:00+00
76650,55005,County,Barron,555,6,,,,,,,,,,,,,,,,,0,,,,,,,,,,,,,,,,,,,,,,,,,,,,,,,,,,,,,,,,,,,,,,,,,,,,,,,,,,,,,,,,,,,,,,,,,,,,0,0,0,0,2020/04/19 14:00:00+00
78264,55005,County,Barron,555,6,,,,,,,,,,,,,,,,,0,,,,,,,,,,,,,,,,,,,,,,,,,,,,,,,,,,,,,,,,,,,,,,,,,,,,,,,,,,,,,,,,,,,,,,,,,,,,0,0,0,0,2020/04/20 14:00:00+00
79600,55005,County,Barron,594,6,,,,,,,,,,,,,,,,,0,,,,,,,,,,,,,,,,,,,,,,,,,,,,,,,,,,,,,,,,,,,,,,,,,,,,,,,,,,,,,,,,,,,,,,,,,,,,0,0,39,39,2020/04/21 14:00:00+00
82072,55005,County,Barron,613,6,,,,,,,,,,,,,,,,,0,,,,,,,,,,,,,,,,,,,,,,,,,,,,,,,,,,,,,,,,,,,,,,,,,,,,,,,,,,,,,,,,,,,,,,,,,,,,0,0,19,19,2020/04/22 14:00:00+00
82550,55005,County,Barron,634,6,,,,,,,,,,,,,,,,,0,,,,,,,,,,,,,,,,,,,,,,,,,,,,,,,,,,,,,,,,,,,,,,,,,,,,,,,,,,,,,,,,,,,,,,,,,,,,0,0,21,21,2020/04/23 14:00:00+00
84025,55005,County,Barron,655,6,,,,,,,,,,,,,,,,,0,,,,,,,,,,,,,,,,,,,,,,,,,,,,,,,,,,,,,,,,,,,,,,,,,,,,,,,,,,,,,,,,,,,,,,,,,,,,0,0,21,21,2020/04/24 14:00:00+00
13034,55005,County,Barron,675,6,,,,,,,,,,,,,,,,,0,,,,,,,,,,,,,,,,,,,,,,,,,,,,,,,,,,,,,,,,,,,,,,,,,,,,,,,,,,,,,,,,,,,,,,,,,,,,0,0,20,20,2020/04/25 14:00:00+00
13993,55005,County,Barron,675,6,,,,,,,,,,,,,,,,,0,,,,,,,,,,,,,,,,,,,,,,,,,,,,,,,,,,,,,,,,,,,,,,,,,,,,,,,,,,,,,,,,,,,,,,,,,,,,0,0,0,0,2020/04/26 14:00:00+00
16825,55005,County,Barron,675,6,,,,,,,,,,,,,,,,,0,,,,,,,,,,,,,,,,,,,,,,,,,,,,,,,,,,,,,,,,,,,,,,,,,,,,,,,,,,,,,,,,,,,,,,,,,,,,0,0,0,0,2020/04/27 14:00:00+00
16943,55005,County,Barron,709,6,,,,,,,,,,,,,,,,,0,,,,,,,,,,,,,,,,,,,,,,,,,,,,,,,,,,,,,,,,,,,,,,,,,,,,,,,,,,,,,,,,,,,,,,,,,,,,0,0,34,34,2020/04/28 14:00:00+00
18418,55005,County,Barron,724,6,,,,,,,,,,,,,,,,,0,,,,,,,,,,,,,,,,,,,,,,,,,,,,,,,,,,,,,,,,,,,,,,,,,,,,,,,,,,,,,,,,,,,,,,,,,,,,0,0,15,15,2020/04/29 14:00:00+00
20769,55005,County,Barron,754,6,,,,,,,,,,,,,,,,,0,,,,,,,,,,,,,,,,,,,,,,,,,,,,,,,,,,,,,,,,,,,,,,,,,,,,,,,,,,,,,,,,,,,,,,,,,,,,0,0,30,30,2020/04/30 14:00:00+00
21368,55005,County,Barron,764,6,,,,,,,,,,,,,,,,,0,,,,,,,,,,,,,,,,,,,,,,,,,,,,,,,,,,,,,,,,,,,,,,,,,,,,,,,,,,,,,,,,,,,,,,,,,,,,0,0,10,10,2020/05/01 14:00:00+00
22843,55005,County,Barron,783,7,,,,,,,,,,,,,,,,,0,,,,,,,,,,,,,,,,,,,,,,,,,,,,,,,,,,,,,,,,,,,,,,,,,,,,,,,,,,,,,,,,,,,,,,,,,,,,0,1,19,20,2020/05/02 14:00:00+00
24577,55005,County,Barron,783,7,,,,,,,,,,,,,,,,,0,,,,,,,,,,,,,,,,,,,,,,,,,,,,,,,,,,,,,,,,,,,,,,,,,,,,,,,,,,,,,,,,,,,,,,,,,,,,0,0,0,0,2020/05/03 14:00:00+00
25793,55005,County,Barron,783,7,,,,,,,,,,,,,,,,,0,,,,,,,,,,,,,,,,,,,,,,,,,,,,,,,,,,,,,,,,,,,,,,,,,,,,,,,,,,,,,,,,,,,,,,,,,,,,0,0,0,0,2020/05/04 14:00:00+00
28521,55005,County,Barron,822,7,,,,,,,,,,,,,,,,,0,,,,,,,,,,,,,,,,,,,,,,,,,,,,,,,,,,,,,,,,,,,,,,,,,,,,,,,,,,,,,,,,,,,,,,,,,,,,0,0,39,39,2020/05/05 14:00:00+00
28743,55005,County,Barron,896,7,,,,,,,,,,,,,,,,,0,,,,,,,,,,,,,,,,,,,,,,,,,,,,,,,,,,,,,,,,,,,,,,,,,,,,,,,,,,,,,,,,,,,,,,,,,,,,0,0,74,74,2020/05/06 14:00:00+00
30218,55005,County,Barron,978,7,,,,,,,,,,,,,,,,,0,,,,,,,,,,,,,,,,,,,,,,,,,,,,,,,,,,,,,,,,,,,,,,,,,,,,,,,,,,,,,,,,,,,,,,,,,,,,0,0,82,82,2020/05/07 14:00:00+00
53120,55005,County,Barron,1014,10,,,,,,,,,,,,,,,,,0,,,,,,,,,,,,,,,,,,,,,,,,,,,,,,,,,,,,,,,,,,,,,,,,,,,,,,,,,,,,,,,,,,,,,,,,,,,,0,3,36,39,2020/05/08 14:00:00+00
53959,55005,County,Barron,1053,10,,,,,,,,,,,,,,,,,0,,,,,,,,,,,,,,,,,,,,,,,,,,,,,,,,,,,,,,,,,,,,,,,,,,,,,,,,,,,,,,,,,,,,,,,,,,,,0,0,39,39,2020/05/09 14:00:00+00
55434,55005,County,Barron,1060,12,,,,,,,,,,,,,,,,,0,,,,,,,,,,,,,,,,,,,,,,,,,,,,,,,,,,,,,,,,,,,,,,,,,,,,,,,,,,,,,,,,,,,,,,,,,,,,0,2,7,9,2020/05/10 14:00:00+00
57064,55005,County,Barron,1060,11,0,9,2,,,,,,,,,,,,,,0,,,,,,,,,,,,,,,,,,,,,,,,,,,,,,,,,,,,,,,,,,,,,,,,,,,,,,,,,,,,,,,,,,,,,,,,,,,,0,-1,0,-1,2020/05/11 14:00:00+00
58384,55005,County,Barron,1121,11,0,9,2,,,,,,,,,,,,,,0,,,,,,,,,,,,,,,,,,,,,,,,,,,,,,,,,,,,,,,,,,,,,,,,,,,,,,,,,,,,,,,,,,,,,,,,,,,,0,0,61,61,2020/05/12 14:00:00+00
60872,55005,County,Barron,1190,11,0,9,2,,,,,,,,,,,,,,0,,,,,,,,,,,,,,,,,,,,,,,,,,,,,,,,,,,,,,,,,,,,,,,,,,,,,,,,,,,,,,,,,,,,,,,,,,,,0,0,69,69,2020/05/13 14:00:00+00
61334,55005,County,Barron,1217,11,0,9,2,,,,,,,,,,,,,,0,,,,,,,,,,,,,,,,,,,,,,,,,,,,,,,,,,,,,,,,,,,,,,,,,,,,,,,,,,,,,,,,,,,,,,,,,,,,0,0,27,27,2020/05/14 14:00:00+00
62809,55005,County,Barron,1258,11,0,9,2,,,,,,,,,,,,,,0,,,,,,,,,,,,,,,,,,,,,,,,,,,,,,,,,,,,,,,,,,,,,,,,,,,,,,,,,,,,,,,,,,,,,,,,,,,,0,0,41,41,2020/05/15 14:00:00+00
33628,55005,County,Barron,1286,11,0,9,2,,,,,,,,,,,,,,0,,,,,,,,,,,,,,,,,,,,,,,,,,,,,,,,,,,,,,,,,,,,,,,,,,,,,,,,,,,,,,,,,,,,,,,,,,,,0,0,28,28,2020/05/16 14:00:00+00
34571,55005,County,Barron,1306,11,0,9,2,,,,,,,,,,,,,,0,,,,,,,,,,,,,,,,,,,,,,,,,,,,,,,,,,,,,,,,,,,,,,,,,,,,,,,,,,,,,,,,,,,,,,,,,,,,0,0,20,20,2020/05/17 14:00:00+00
37436,55005,County,Barron,1332,11,0,9,2,,,,,,,,,,,,,,0,,,,,,,,,,,,,,,,,,,,,,,,,,,,,,,,,,,,,,,,,,,,,,,,,,,,,,,,,,,,,,,,,,,,,,,,,,,,0,0,26,26,2020/05/18 14:00:00+00
37521,55005,County,Barron,1386,11,0,9,2,,,,,,,,,,,,,,0,,,,,,,,,,,,,,,,,,,,,,,,,,,,,,,,,,,,,,,,,,,,,,,,,,,,,,,,,,,,,,,,,,,,,,,,,,,,0,0,54,54,2020/05/19 14:00:00+00
38996,55005,County,Barron,1391,11,0,9,2,,,,,,,,,,,,,,0,,,,,,,,,,,,,,,,,,,,,,,,,,,,,,,,,,,,,,,,,,,,,,,,,,,,,,,,,,,,,,,,,,,,,,,,,,,,0,0,5,5,2020/05/20 14:00:00+00
41380,55005,County,Barron,1424,11,0,9,2,,,,,,,,,,,,,,0,,,,,,,,,,,,,,,,,,,,,,,,,,,,,,,,,,,,,,,,,,,,,,,,,,,,,,,,,,,,,,,,,,,,,,,,,,,,0,0,33,33,2020/05/21 14:00:00+00
41946,55005,County,Barron,1458,11,0,9,2,,,,,,,,,,,,,,0,,,,,,,,,,,,,,,,,,,,,,,,,,,,,,,,,,,,,,,,,,,,,,,,,,,,,,,,,,,,,,,,,,,,,,,,,,,,0,0,34,34,2020/05/22 14:00:00+00
43421,55005,County,Barron,1498,12,0,10,2,,,,,,,,,,,,,,0,,,,,,,,,,,,,,,,,,,,,,,,,,,,,,,,,,,,,,,,,,,,,,,,,,,,,,,,,,,,,,,,,,,,,,,,,,,,0,1,40,41,2020/05/23 14:00:00+00
45188,55005,County,Barron,1498,12,0,10,2,,,,,,,,,,,,,,0,,,,,,,,,,,,,,,,,,,,,,,,,,,,,,,,,,,,,,,,,,,,,,,,,,,,,,,,,,,,,,,,,,,,,,,,,,,,0,0,0,0,2020/05/24 14:00:00+00
46371,55005,County,Barron,1499,12,0,10,2,,,,,,,,,,,,,,0,,,,,,,,,,,,,,,,,,,,,,,,,,,,,,,,,,,,,,,,,,,,,,,,,,,,,,,,,,,,,,,,,,,,,,,,,,,,0,0,1,1,2020/05/25 14:00:00+00
49132,55005,County,Barron,1511,12,0,10,2,,,,,,,,,,,,,,0,,,,,,,,,,,,,,,,,,,,,,,,,,,,,,,,,,,,,,,,,,,,,,,,,,,,,,,,,,,,,,,,,,,,,,,,,,,,0,0,12,12,2020/05/26 14:00:00+00
49321,55005,County,Barron,1560,14,1,11,2,,,,,,,,,,,,,,0,,,,,,,,,,,,,,,,,,,,,,,,,,,,,,,,,,,,,,,,,,,,,,,,,,,,,,,,,,,,,,,,,,,,,,,,,,,,0,2,49,51,2020/05/27 14:00:00+00
50796,55005,County,Barron,1589,14,1,11,2,,,,,,,,,,,,,,0,,,,,,,,,,,,,,,,,,,,,,,,,,,,,,,,,,,,,,,,,,,,,,,,,,,,,,,,,,,,,,,,,,,,,,,,,,,,0,0,29,29,2020/05/28 14:00:00+00
98633,55005,County,Barron,1833,15,1,12,2,,,,,,,,,,,,,,0,,,,,,,,,,,,,,,,,,,,,,,,,,,,,,,,,,,,,,,,,,,,,,,,,,,,,,,,,,,,,,,,,,,,,,,,,,,,0,1,244,245,2020/05/29 14:00:00+00
99439,55005,County,Barron,1989,17,1,13,3,,,,,,,,,,,,,,0,,,,,,,,,,,,,,,,,,,,,,,,,,,,,,,,,,,,,,,,,,,,,,,,,,,,,,,,,,,,,,,,,,,,,,,,,,,,0,2,156,158,2020/05/30 14:00:00+00
100914,55005,County,Barron,1989,17,1,13,3,,,,,,,,,,,,,,0,,,,,,,,,,,,,,,,,,,,,,,,,,,,,,,,,,,,,,,,,,,,,,,,,,,,,,,,,,,,,,,,,,,,,,,,,,,,0,0,0,0,2020/05/31 14:00:00+00
102577,55005,County,Barron,2013,20,1,14,5,,,,,,,,,,,,,,0,,,,,,,,,,,,,,,,,,,,,,,,,,,,,,,,,,,,,,,,,,,,,,,,,,,,,,,,,,,,,,,,,,,,,,,,,,,,0,3,24,27,2020/06/01 14:00:00+00
6194,55005,County,Barron,2086,20,2,14,4,,,,,,,,,,,,,,0,,,,,,,,,,,,,,,,,,,,,,,,,,,,,,,,,,,,,,,,,,,,,,,,,,,,,,,,,,,,,,,,,,,,,,,,,,,,0,0,73,73,2020/06/02 14:00:00+00
8715,55005,County,Barron,2204,21,2,15,4,,,,,,,,,,,,,,0,,,,,,,,,,,,,,,,,,,,,,,,,,,,,,,,,,,,,,,,,,,,,,,,,,,,,,,,,,,,,,,,,,,,,,,,,,,,0,1,118,119,2020/06/03 14:00:00+00
9161,55005,County,Barron,2359,20,2,15,3,,,,,,,,,,,,,,0,,,,,,,,,,,,,,,,,,,,,,,,,,,,,,,,,,,,,,,,,,,,,,,,,,,,,,,,,,,,,,,,,,,,,,,,,,,,0,-1,155,154,2020/06/04 14:00:00+00
84124,55005,County,Barron,2431,20,2,15,3,,,,,,,,,,,,,,0,,,,,,,,,,,,,,,,,,,,,,,,,,,,,,,,,,,,,,,,,,,,,,,,,,,,,,,,,,,,,,,,,,,,,,,,,,,,0,0,72,72,2020/06/05 14:00:00+00
86143,55005,County,Barron,2466,20,2,15,3,,,,,,,,,,,,,,0,,,,,,,,,,,,,,,,,,,,,,,,,,,,,,,,,,,,,,,,,,,,,,,,,,,,,,,,,,,,,,,,,,,,,,,,,,,,0,0,35,35,2020/06/06 14:00:00+00
86666,55005,County,Barron,2481,20,2,15,3,,,,,,,,,,,,,,0,,,,,,,,,,,,,,,,,,,,,,,,,,,,,,,,,,,,,,,,,,,,,,,,,,,,,,,,,,,,,,,,,,,,,,,,,,,,0,0,15,15,2020/06/07 14:00:00+00
88162,55005,County,Barron,2490,20,2,15,3,,,,,,,,,,,,,,0,,,,,,,,,,,,,,,,,,,,,,,,,,,,,,,,,,,,,,,,,,,,,,,,,,,,,,,,,,,,,,,,,,,,,,,,,,,,0,0,9,9,2020/06/08 14:00:00+00
89501,55005,County,Barron,2520,20,2,15,3,,,,,,,,,,,,,,0,,,,,,,,,,,,,,,,,,,,,,,,,,,,,,,,,,,,,,,,,,,,,,,,,,,,,,,,,,,,,,,,,,,,,,,,,,,,0,0,30,30,2020/06/09 14:00:00+00
91499,55005,County,Barron,2622,21,2,16,3,,,,,,,,,,,,,,0,,,,,,,,,,,,,,,,,,,,,,,,,,,,,,,,,,,,,,,,,,,,,,,,,,,,,,,,,,,,,,,,,,,,,,,,,,,,0,1,102,103,2020/06/10 14:00:00+00
92974,55005,County,Barron,2679,21,2,16,3,,,,,,,,,,,,,,0,,,,,,,,,,,,,,,,,,,,,,,,,,,,,,,,,,,,,,,,,,,,,,,,,,,,,,,,,,,,,,,,,,,,,,,,,,,,0,0,57,57,2020/06/11 14:00:00+00
93926,55005,County,Barron,2725,24,2,18,4,,,,,,,,,,,,,,0,,,,,,,,,,,,,,,,,,,,,,,,,,,,,,,,,,,,,,,,,,,,,,,,,,,,,,,,,,,,,,,,,,,,,,,,,,,,0,3,46,49,2020/06/12 14:00:00+00
96468,55005,County,Barron,2842,24,3,17,4,,,,,,,,,,,,,,0,,,,,,,,,,,,,,,,,,,,,,,,,,,,,,,,,,,,,,,,,,,,,,,,,,,,,,,,,,,,,,,,,,,,,,,,,,,,0,0,117,117,2020/06/13 14:00:00+00
97263,55005,County,Barron,2880,25,3,17,5,,,,,,,,,,,,,,0,,,,,,,,,,,,,,,,,,,,,,,,,,,,,,,,,,,,,,,,,,,,,,,,,,,,,,,,,,,,,,,,,,,,,,,,,,,,0,1,38,39,2020/06/14 14:00:00+00
636,55005,County,Barron,2990,25,3,18,4,,,,,,,,,,,,,,0,,,,,,,,,,,,,,,,,,,,,,,,,,,,,,,,,,,,,,,,,,,,,,,,,,,,,,,,,,,,,,,,,,,,,,,,,,,,0,0,110,110,2020/06/15 14:00:00+00
1028,55005,County,Barron,3053,26,3,19,4,,,,,,,,,,,,,,0,,,,,,,,,,,,,,,,,,,,,,,,,,,,,,,,,,,,,,,,,,,,,,,,,,,,,,,,,,,,,,,,,,,,,,,,,,,,0,1,63,64,2020/06/16 14:00:00+00
112894,55005,County,Barron,3133,26,3,19,4,,,,,,,,,,,,,,0,,,,,,,,,,,,,,,,,,,,,,,,,,,,,,,,,,,,,,,,,,,,,,,,,,,,,,,,,,,,,,,,,,,,,,,,,,,,0,0,80,80,2020/06/17 14:00:00+00
113999,55005,County,Barron,3141,30,3,20,7,,,,,,,,,,,,,,0,,,,,,,,,,,,,,,,,,,,,,,,,,,,,,,,,,,,,,,,,,,,,,,,,,,,,,,,,,,,,,,,,,,,,,,,,,,,0,4,8,12,2020/06/18 14:00:00+00
119554,55005,County,Barron,3234,30,3,20,7,,,,,,,,,,,,,,0,,,,,,,,,,,,,,,,,,,,,,,,,,,,,,,,,,,,,,,,,,,,,,,,,,,,,,,,,,,,,,,,,,,,,,,,,,,,0,0,93,93,2020/06/19 14:00:00+00
5545,55005,County,Barron,3257,31,3,21,7,,,,,,,,,,,,,,0,,,,,,,,,,,,,,,,,,,,,,,,,,,,,,,,,,,,,,,,,,,,,,,,,,,,,,,,,,,,,,,,,,,,,,,,,,,,0,1,23,24,2020/06/20 14:00:00+00
3716,55005,County,Barron,3258,31,3,21,7,,,,,,,,,,,,,,0,,,,,,,,,,,,,,,,,,,,,,,,,,,,,,,,,,,,,,,,,,,,,,,,,,,,,,,,,,,,,,,,,,,,,,,,,,,,0,0,1,1,2020/06/21 14:00:00+00
2975,55005,County,Barron,3257,31,3,21,7,,,,,,,,,,,,,,0,,,,,,,,,,,,,,,,,,,,,,,,,,,,,,,,,,,,,,,,,,,,,,,,,,,,,,,,,,,,,,,,,,,,,,,,,,,,0,0,-1,-1,2020/06/22 14:00:00+00
124940,55005,County,Barron,3310,31,3,21,7,,,,,,,,,,,,,,0,,,,,,,,,,,,,,,,,,,,,,,,,,,,,,,,,,,,,,,,,,,,,,,,,,,,,,,,,,,,,,,,,,,,,,,,,,,,0,0,53,53,2020/06/23 14:00:00+00
123947,55005,County,Barron,3398,32,4,21,7,,,,,,,,,,,,,,0,,,,,,,,,,,,,,,,,,,,,,,,,,,,,,,,,,,,,,,,,,,,,,,,,,,,,,,,,,,,,,,,,,,,,,,,,,,,0,1,88,89,2020/06/24 14:00:00+00
121477,55005,County,Barron,3411,32,4,21,7,,,,,,,,,,,,,,0,,,,,,,,,,,,,,,,,,,,,,,,,,,,,,,,,,,,,,,,,,,,,,,,,,,,,,,,,,,,,,,,,,,,,,,,,,,,0,0,13,13,2020/06/25 14:00:00+00
121885,55005,County,Barron,3471,32,4,21,7,,,,,,,,,,,,,,0,,,,,,,,,,,,,,,,,,,,,,,,,,,,,,,,,,,,,,,,,,,,,,,,,,,,,,,,,,,,,,,,,,,,,,,,,,,,0,0,60,60,2020/06/26 14:00:00+00
118163,55005,County,Barron,3506,34,4,23,7,,,,,,,,,,,,,,0,,,,,,,,,,,,,,,,,,,,,,,,,,,,,,,,,,,,,,,,,,,,,,,,,,,,,,,,,,,,,,,,,,,,,,,,,,,,0,2,35,37,2020/06/27 14:00:00+00
126135,55005,County,Barron,3513,34,4,23,7,,,,,,,,,,,,,,0,,,,,,,,,,,,,,,,,,,,,,,,,,,,,,,,,,,,,,,,,,,,,,,,,,,,,,,,,,,,,,,,,,,,,,,,,,,,0,0,7,7,2020/06/28 14:00:00+00
128133,55005,County,Barron,3513,34,4,23,7,,,,,,,,,,,,,,0,,,,,,,,,,,,,,,,,,,,,,,,,,,,,,,,,,,,,,,,,,,,,,,,,,,,,,,,,,,,,,,,,,,,,,,,,,,,0,0,0,0,2020/06/29 14:00:00+00
129472,55005,County,Barron,3528,34,4,23,7,,,,,,,,,,,,,,1,,,,,,,,,,,,,,,,,,,,,,,,,,,,,,,,,,,,,,,,,,,,,,,,,,,,,,,,,,,,,,,,,,,,,,,,,,,,1,0,15,15,2020/06/30 14:00:00+00
137657,55005,County,Barron,3582,34,4,23,7,,,,,,,,,,,,,,1,,,,,,,,,,,,,,,,,,,,,,,,,,,,,,,,,,,,,,,,,,,,,,,,,,,,,,,,,,,,,,,,,,,,,,,,,,,,0,0,54,54,2020/07/01 14:00:00+00
138881,55005,County,Barron,3699,35,4,24,7,,,,,,,,,,,,,,1,,,,,,,,,,,,,,,,,,,,,,,,,,,,,,,,,,,,,,,,,,,,,,,,,,,,,,,,,,,,,,,,,,,,,,,,,,,,0,1,117,118,2020/07/02 14:00:00+00
112242,55005,County,Barron,3798,36,4,24,8,,,,,,,,,,,,,,1,,,,,,,,,,,,,,,,,,,,,,,,,,,,,,,,,,,,,,,,,,,,,,,,,,,,,,,,,,,,,,,,,,,,,,,,,,,,0,1,99,100,2020/07/03 14:00:00+00
111101,55005,County,Barron,3840,36,4,24,8,,,,,,,,,,,,,,1,,,,,,,,,,,,,,,,,,,,,,,,,,,,,,,,,,,,,,,,,,,,,,,,,,,,,,,,,,,,,,,,,,,,,,,,,,,,0,0,42,42,2020/07/04 14:00:00+00
106641,55005,County,Barron,3841,36,4,24,8,,,,,,,,,,,,,,1,,,,,,,,,,,,,,,,,,,,,,,,,,,,,,,,,,,,,,,,,,,,,,,,,,,,,,,,,,,,,,,,,,,,,,,,,,,,0,0,1,1,2020/07/05 14:00:00+00
107555,55005,County,Barron,3841,36,4,24,8,,,,,,,,,,,,,,1,,,,,,,,,,,,,,,,,,,,,,,,,,,,,,,,,,,,,,,,,,,,,,,,,,,,,,,,,,,,,,,,,,,,,,,,,,,,0,0,0,0,2020/07/06 14:00:00+00
105130,55005,County,Barron,3889,36,4,24,8,,,,,,,,,,,,,,1,,,,,,,,,,,,,,,,,,,,,,,,,,,,,,,,,,,,,,,,,,,,,,,,,,,,,,,,,,,,,,,,,,,,,,,,,,,,0,0,48,48,2020/07/07 14:00:00+00
144679,55005,County,Barron,3910,37,4,25,8,,,,,,,,,,,,,,1,,,,,,,,,,,,,,,,,,,,,,,,,,,,,,,,,,,,,,,,,,,,,,,,,,,,,,,,,,,,,,,,,,,,,,,,,,,,0,1,21,22,2020/07/08 14:00:00+00
142206,55005,County,Barron,4054,39,4,26,9,,,,,,,,,,,,,,1,,,,,,,,,,,,,,,,,,,,,,,,,,,,,,,,,,,,,,,,,,,,,,,,,,,,,,,,,,,,,,,,,,,,,,,,,,,,0,2,144,146,2020/07/09 14:00:00+00
140970,55005,County,Barron,4069,41,4,29,8,,,,,,,,,,,,,,1,,,,,,,,,,,,,,,,,,,,,,,,,,,,,,,,,,,,,,,,,,,,,,,,,,,,,,,,,,,,,,,,,,,,,,,,,,,,0,2,15,17,2020/07/10 14:00:00+00
141378,55005,County,Barron,4136,43,4,31,8,,,,,,,,,,,,,,1,,,,,,,,,,,,,,,,,,,,,,,,,,,,,,,,,,,,,,,,,,,,,,,,,,,,,,,,,,,,,,,,,,,,,,,,,,,,0,2,67,69,2020/07/11 14:00:00+00
149191,55005,County,Barron,4154,46,4,33,9,,,,,,,,,,,,,,1,,,,,,,,,,,,,,,,,,,,,,,,,,,,,,,,,,,,,,,,,,,,,,,,,,,,,,,,,,,,,,,,,,,,,,,,,,,,0,3,18,21,2020/07/12 14:00:00+00
146765,55005,County,Barron,4156,48,4,33,11,,,,,,,,,,,,,,1,,,,,,,,,,,,,,,,,,,,,,,,,,,,,,,,,,,,,,,,,,,,,,,,,,,,,,,,,,,,,,,,,,,,,,,,,,,,0,2,2,4,2020/07/13 14:00:00+00
138932,55005,County,Barron,4198,51,4,36,11,,,,,,,,,,,,,,1,,,,,,,,,,,,,,,,,,,,,,,,,,,,,,,,,,,,,,,,,,,,,,,,,,,,,,,,,,,,,,,,,,,,,,,,,,,,0,3,42,45,2020/07/14 14:00:00+00
147116,55005,County,Barron,4246,54,4,40,10,,,,,,,,,,,,,,1,,,,,,,,,,,,,,,,,,,,,,,,,,,,,,,,,,,,,,,,,,,,,,,,,,,,,,,,,,,,,,,,,,,,,,,,,,,,0,3,48,51,2020/07/15 14:00:00+00
147291,55005,County,Barron,4284,59,4,42,13,,,,,,,,,,,,,,1,,,,,,,,,,,,,,,,,,,,,,,,,,,,,,,,,,,,,,,,,,,,,,,,,,,,,,,,,,,,,,,,,,,,,,,,,,,,0,5,38,43,2020/07/16 14:00:00+00
147466,55005,County,Barron,4328,66,4,48,14,,,,,,,,,,,,,,1,,,,,,,,,,,,,,,,,,,,,,,,,,,,,,,,,,,,,,,,,,,,,,,,,,,,,,,,,,,,,,,,,,,,,,,,,,,,0,7,44,51,2020/07/17 14:00:00+00
147642,55005,County,Barron,4338,69,5,50,14,,,,,,,,,,,,,,1,,,,,,,,,,,,,,,,,,,,,,,,,,,,,,,,,,,,,,,,,,,,,,,,,,,,,,,,,,,,,,,,,,,,,,,,,,,,0,3,10,13,2020/07/18 14:00:00+00
147819,55005,County,Barron,4338,70,5,51,14,,,,,,,,,,,,,,1,,,,,,,,,,,,,,,,,,,,,,,,,,,,,,,,,,,,,,,,,,,,,,,,,,,,,,,,,,,,,,,,,,,,,,,,,,,,0,1,0,1,2020/07/19 14:00:00+00
157208,55005,County,Barron,4343,74,5,54,15,,,,,,,,,,,,,,1,,,,,,,,,,,,,,,,,,,,,,,,,,,,,,,,,,,,,,,,,,,,,,,,,,,,,,,,,,,,,,,,,,,,,,,,,,,,0,4,5,9,2020/07/20 14:00:00+00
136532,55005,County,Barron,4483,78,5,56,17,,,,,,,,,,,,,,1,,,,,,,,,,,,,,,,,,,,,,,,,,,,,,,,,,,,,,,,,,,,,,,,,,,,,,,,,,,,,,,,,,,,,,,,,,,,0,4,140,144,2020/07/21 14:00:00+00
137599,55005,County,Barron,4698,82,5,60,17,,,,,,,,,,,,,,2,,,,,,,,,,,,,,,,,,,,,,,,,,,,,,,,,,,,,,,,,,,,,,,,,,,,,,,,,,,,,,,,,,,,,,,,,,,,1,4,215,219,2020/07/22 14:00:00+00
165483,55005,County,Barron,4723,87,5,64,18,,,,,,,,,,,,,,2,,,,,,,,,,,,,,,,,,,,,,,,,,,,,,,,,,,,,,,,,,,,,,,,,,,,,,,,,,,,,,,,,,,,,,,,,,,,0,5,25,30,2020/07/23 14:00:00+00
161194,55005,County,Barron,4794,96,5,70,21,,,,,,,,,,,,,,2,,,,,,,,,,,,,,,,,,,,,,,,,,,,,,,,,,,,,,,,,,,,,,,,,,,,,,,,,,,,,,,,,,,,,,,,,,,,0,9,71,80,2020/07/24 14:00:00+00
159592,55005,County,Barron,4820,99,5,72,22,,,,,,,,,,,,,,2,,,,,,,,,,,,,,,,,,,,,,,,,,,,,,,,,,,,,,,,,,,,,,,,,,,,,,,,,,,,,,,,,,,,,,,,,,,,0,3,26,29,2020/07/25 14:00:00+00
171686,55005,County,Barron,4831,116,5,78,33,,,,,,,,,,,,,,3,,,,,,,,,,,,,,,,,,,,,,,,,,,,,,,,,,,,,,,,,,,,,,,,,,,,,,,,,,,,,,,,,,,,,,,,,,,,1,17,11,28,2020/07/26 14:00:00+00
159781,55005,County,Barron,4838,125,6,82,37,,,,,,,,,,,,,,3,,,,,,,,,,,,,,,,,,,,,,,,,,,,,,,,,,,,,,,,,,,,,,,,,,,,,,,,,,,,,,,,,,,,,,,,,,,,0,9,7,16,2020/07/27 14:00:00+00
175887,55005,County,Barron,5051,133,7,88,38,,,,,,,,,,,,,,3,,,,,,,,,,,,,,,,,,,,,,,,,,,,,,,,,,,,,,,,,,,,,,,,,,,,,,,,,,,,,,,,,,,,,,,,,,,,0,8,213,221,2020/07/28 14:00:00+00
170000,55005,County,Barron,5289,145,10,98,37,,,,,,,,,,,,,,3,,,,,,,,,,,,,,,,,,,,,,,,,,,,,,,,,,,,,,,,,,,,,,,,,,,,,,,,,,,,,,,,,,,,,,,,,,,,0,12,238,250,2020/07/29 14:00:00+00
167947,55005,County,Barron,5450,207,10,106,91,,,,,,,,,,,,,,3,,,,,,,,,,,,,,,,,,,,,,,,,,,,,,,,,,,,,,,,,,,,,,,,,,,,,,,,,,,,,,,,,,,,,,,,,,,,0,62,161,223,2020/07/30 14:00:00+00
166822,55005,County,Barron,5522,228,11,125,92,,,,,,,,,,,,,,3,,,,,,,,,,,,,,,,,,,,,,,,,,,,,,,,,,,,,,,,,,,,,,,,,,,,,,,,,,,,,,,,,,,,,,,,,,,,0,21,72,93,2020/07/31 14:00:00+00
179828,55005,County,Barron,5745,253,12,129,112,,,,,,,,,,,,,,3,,,,,,,,,,,,,,,,,,,,,,,,,,,,,,,,,,,,,,,,,,,,,,,,,,,,,,,,,,,,,,,,,,,,,,,,,,,,0,25,223,248,2020/08/01 14:00:00+00
177228,55005,County,Barron,5838,255,12,130,113,,,,,,,,,,,,,,3,,,,,,,,,,,,,,,,,,,,,,,,,,,,,,,,,,,,,,,,,,,,,,,,,,,,,,,,,,,,,,,,,,,,,,,,,,,,0,2,93,95,2020/08/02 14:00:00+00
177908,55005,County,Barron,5855,259,12,132,115,,,,,,,,,,,,,,3,,,,,,,,,,,,,,,,,,,,,,,,,,,,,,,,,,,,,,,,,,,,,,,,,,,,,,,,,,,,,,,,,,,,,,,,,,,,0,4,17,21,2020/08/03 14:00:00+00
182956,55005,County,Barron,5917,264,12,136,116,,,,,,,,,,,,,,3,,,,,,,,,,,,,,,,,,,,,,,,,,,,,,,,,,,,,,,,,,,,,,,,,,,,,,,,,,,,,,,,,,,,,,,,,,,,0,5,62,67,2020/08/04 14:00:00+00
182375,55005,County,Barron,5920,273,12,139,122,,,,,,,,,,,,,,3,,,,,,,,,,,,,,,,,,,,,,,,,,,,,,,,,,,,,,,,,,,,,,,,,,,,,,,,,,,,,,,,,,,,,,,,,,,,0,9,3,12,2020/08/05 14:00:00+00
184605,55005,County,Barron,5936,276,12,145,119,,,,,,,,,,,,,,3,,,,,,,,,,,,,,,,,,,,,,,,,,,,,,,,,,,,,,,,,,,,,,,,,,,,,,,,,,,,,,,,,,,,,,,,,,,,0,3,16,19,2020/08/06 14:00:00+00
187631,55005,County,Barron,6029,282,14,147,121,,,,,,,,,,,,,,3,,,,,,,,,,,,,,,,,,,,,,,,,,,,,,,,,,,,,,,,,,,,,,,,,,,,,,,,,,,,,,,,,,,,,,,,,,,,0,6,93,99,2020/08/07 14:00:00+00
186257,55005,County,Barron,6109,291,14,152,125,,,,,,,,,,,,,,3,,,,,,,,,,,,,,,,,,,,,,,,,,,,,,,,,,,,,,,,,,,,,,,,,,,,,,,,,,,,,,,,,,,,,,,,,,,,0,9,80,89,2020/08/08 14:00:00+00
162479,55005,County,Barron,6110,293,14,153,126,,,,,,,,,,,,,,3,,,,,,,,,,,,,,,,,,,,,,,,,,,,,,,,,,,,,,,,,,,,,,,,,,,,,,,,,,,,,,,,,,,,,,,,,,,,0,2,1,3,2020/08/09 14:00:00+00
163703,55005,County,Barron,6122,295,15,154,126,,,,,,,,,,,,,,3,,,,,,,,,,,,,,,,,,,,,,,,,,,,,,,,,,,,,,,,,,,,,,,,,,,,,,,,,,,,,,,,,,,,,,,,,,,,0,2,12,14,2020/08/10 14:00:00+00
134047,55005,County,Barron,6159,296,15,162,119,,,,,,,,,,,,,,3,,,,,,,,,,,,,,,,,,,,,,,,,,,,,,,,,,,,,,,,,,,,,,,,,,,,,,,,,,,,,,,,,,,,,,,,,,,,0,1,37,38,2020/08/11 14:00:00+00
132924,55005,County,Barron,6207,308,15,168,125,,,,,,,,,,,,,,3,,,,,,,,,,,,,,,,,,,,,,,,,,,,,,,,,,,,,,,,,,,,,,,,,,,,,,,,,,,,,,,,,,,,,,,,,,,,0,12,48,60,2020/08/12 14:00:00+00
131722,55005,County,Barron,6366,315,15,172,128,,,,,,,,,,,,,,3,,,,,,,,,,,,,,,,,,,,,,,,,,,,,,,,,,,,,,,,,,,,,,,,,,,,,,,,,,,,,,,,,,,,,,,,,,,,0,7,159,166,2020/08/13 14:00:00+00
132266,55005,County,Barron,6584,320,15,176,129,,,,,,,,,,,,,,3,,,,,,,,,,,,,,,,,,,,,,,,,,,,,,,,,,,,,,,,,,,,,,,,,,,,,,,,,,,,,,,,,,,,,,,,,,,,0,5,218,223,2020/08/14 14:00:00+00
191430,55005,County,Barron,6622,323,15,179,129,,,,,,,,,,,,,,3,,,,,,,,,,,,,,,,,,,,,,,,,,,,,,,,,,,,,,,,,,,,,,,,,,,,,,,,,,,,,,,,,,,,,,,,,,,,0,3,38,41,2020/08/15 14:00:00+00
140789,55005,County,Barron,6624,326,15,182,129,,,,,,,,,,,,,,3,,,,,,,,,,,,,,,,,,,,,,,,,,,,,,,,,,,,,,,,,,,,,,,,,,,,,,,,,,,,,,,,,,,,,,,,,,,,0,3,2,5,2020/08/16 14:00:00+00
141486,55005,County,Barron,6625,328,15,184,129,,,,,,,,,,,,,,3,,,,,,,,,,,,,,,,,,,,,,,,,,,,,,,,,,,,,,,,,,,,,,,,,,,,,,,,,,,,,,,,,,,,,,,,,,,,0,2,1,3,2020/08/17 14:00:00+00
141697,55005,County,Barron,6703,336,15,187,134,,,,,,,,,,,,,,3,,,,,,,,,,,,,,,,,,,,,,,,,,,,,,,,,,,,,,,,,,,,,,,,,,,,,,,,,,,,,,,,,,,,,,,,,,,,0,8,78,86,2020/08/18 14:00:00+00
195077,55005,County,Barron,6815,343,15,191,137,,,,,,,,,,,,,,3,,,,,,,,,,,,,,,,,,,,,,,,,,,,,,,,,,,,,,,,,,,,,,,,,,,,,,,,,,,,,,,,,,,,,,,,,,,,0,7,112,119,2020/08/19 14:00:00+00
139586,55005,County,Barron,6819,346,15,194,137,,,,,,,,,,,,,,3,,,,,,,,,,,,,,,,,,,,,,,,,,,,,,,,,,,,,,,,,,,,,,,,,,,,,,,,,,,,,,,,,,,,,,,,,,,,0,3,4,7,2020/08/20 14:00:00+00
197756,55005,County,Barron,6827,347,14,195,138,,,,,,,,,,,,,,3,,,,,,,,,,,,,,,,,,,,,,,,,,,,,,,,,,,,,,,,,,,,,,,,,,,,,,,,,,,,,,,,,,,,,,,,,,,,0,1,8,9,2020/08/21 14:00:00+00
198202,55005,County,Barron,6860,353,15,198,140,,,,,,,,,,,,,,3,,,,,,,,,,,,,,,,,,,,,,,,,,,,,,,,,,,,,,,,,,,,,,,,,,,,,,,,,,,,,,,,,,,,,,,,,,,,0,6,33,39,2020/08/22 14:00:00+00
